{"cameraMode":{"drawMode":0,"name":"Shaded","section":"Shading Mode"},"sceneLighting":true,"audioPlay":false,"sceneViewState":{"showFog":true,"showMaterialUpdate":false,"showSkybox":true,"showFlares":true,"showImageEffects":true,"showParticleSystems":true},"in2DMode":false,"pivot":{"x":-12.589341163635254,"y":-1.3236868381500245,"z":-9.417454719543457},"rotation":{"x":-0.041758012026548389,"y":0.10861101746559143,"z":-0.004410347901284695,"w":-0.9932879209518433},"size":3.949469804763794,"orthographic":false}