{"cameraMode":{"drawMode":0,"name":"Shaded","section":"Shading Mode"},"sceneLighting":true,"audioPlay":false,"sceneViewState":{"showFog":true,"showMaterialUpdate":true,"showSkybox":true,"showFlares":true,"showImageEffects":true,"showParticleSystems":true},"in2DMode":false,"pivot":{"x":14.221088409423829,"y":-3.7116243839263918,"z":-13.054910659790039},"rotation":{"x":0.07949679344892502,"y":0.8215373158454895,"z":-0.11807876825332642,"w":0.552493691444397},"size":10.365612983703614,"orthographic":false}